Floyd*Allen*Allen_F7@teleworm.us*T0C 2L2
Stephen*Chatman*Chatman.S5@rhyta.com*V6B 3K9
Matthew*Henderson*Henderson-M6@armyspy.com*V3C 4S7
Zachary*Kibby*Kibby-Z2@gmail.com*A1A 5E8
Tamara*Octavio*Octavio.T4@dayrep.com*S0G 1V0
Gwen*Owen*Owen.G8@outlook.ca*T0E 1E0
Linda*Potter*Potter_L10@hotmail.ca*M1L 3K7
Rosario*Sabatino*Sabatino-R9@gmail.com*P7E 1J5
Douglas*Silva*Silva_D3@hotmail.com*L4T 1A8
James*Taylor*Taylor.J1@outlook.com*H8R 3P1
