Bob*Flann*bob.flann@gmail.com*H1V 5G7
Stacey*garcia*stacey.garcia@gmail.com*M4L 2S5
Alex*Jones*alex.jones@gmail.com*Y5A 0T8
Jonathan*Larik*jonathan.larik@gmail.com*H3C 4B7
Ryan*Lavoie*ryan.lavoie@gmail.com*V1R 9N3
Daniel*Rafail*daniel.rafail@gmail.com*H3W 1N9
Jacques*Smith*jacques.smith@gmail.com*P2V 4H6
Lisa*Taylor*lisa.taylor@gmail.com*T4T 4X5
Ian*York*ian.york@gmail.com*Y4H 5Z1
