Evan*Avila*evanAvila@hotmail.com*H2C 4R2
Anna*Connolly*annaConnolly@outlook.com*H1B 5H9
David*Fortin*davidFortin@yahoo.com*H1A 2R8
Jane*Godfrey*janeGodfrey@gmail.com*H2A 1L0 
Joanne*Hardy*joanneHardy@yahoo.com*H2A 2J1
Linda*Jonhson*lindaJonhson@hotmail.com*H1A 3Y2
John*Murphy*johnMurphy@gmail.com*H1A 1C0
Carlos*Thacker*carlosThacker@hotmail.com*H2B 0W4
Ellen*Walker*ellenFWalker@outlook.com*H2A 2W6
Gregory*Wheeler*gregoryMWheeler@gmail.com*H1A 1B0
